Round,CorrectRate,IncorrectRate,UndeterRate,ActiveSensorRate,ActiveAgentRate,DeterminedSensorRate,StepMessageSize,SensorSize,CorrectSensorSizeRate,NetworkSize,FinalSteps,AverageWeight,VarWeight,SimpsonsD,BetterSimpsonD,BadCommunityCorrectRate,BadCommunityIncorrectRate,BadCommunityUndeterRate,NormalCommunityCorrectRate,NormalCommunityIncorrectRate,NormalCommunityUndeterRate,0,1
0,0.05,0,0.95,200,22,1,222,5,1,100,2000,0.434467188311688,0.0231851200390276,0.9975,0.049875,NaN,NaN,NaN,0.05,0,0.95,0.05,0
1,0.05,0,0.95,200,32,1,232,5,1,100,2000,0.443398,0.022205823396,0.9975,0.049875,NaN,NaN,NaN,0.05,0,0.95,0.05,0
2,0.07,0.01,0.92,200,43,1,243,5,0.8,100,2000,0.456597,0.024689109291,0.995,0.0796,NaN,NaN,NaN,0.07,0.01,0.92,0.07,0.01
3,0.06,0.03,0.91,200,36,1,239,5,1,100,2000,0.466897,0.025258141091,0.9955,0.089595,NaN,NaN,NaN,0.06,0.03,0.91,0.06,0.03
4,0.1,0.03,0.87,200,65,1,269,5,0.8,100,2000,0.481698,0.028349066596,0.9891,0.128583,NaN,NaN,NaN,0.1,0.03,0.87,0.1,0.03
5,0.09,0.05,0.86,200,50,1,254,5,0.6,100,2000,0.490398,0.028552451396,0.9894,0.138516,NaN,NaN,NaN,0.09,0.05,0.86,0.09,0.05
6,0.15,0,0.85,200,54,1,257,5,1,100,2000,0.506399,0.030568122699,0.9775,0.146625,NaN,NaN,NaN,0.15,0,0.85,0.15,0
7,0.18,0,0.82,200,54,1,260,5,1,100,2000,0.521599,0.033219593099,0.9676,0.174168,NaN,NaN,NaN,0.18,0,0.82,0.18,0
8,0.2,0.02,0.78,200,78,1,288,5,1,100,2000,0.540899999999999,0.03584936,0.9596,0.211112,NaN,NaN,NaN,0.2,0.02,0.78,0.2,0.02
9,0.17,0.13,0.7,200,104,1,321,5,1,100,2000,0.566,0.03913419,0.9542,0.28626,NaN,NaN,NaN,0.17,0.13,0.7,0.17,0.13
10,0.24,0.11,0.65,200,105,1,322,5,0.8,100,2000,0.5984,0.04461611,0.9303,0.325605,NaN,NaN,NaN,0.24,0.11,0.65,0.24,0.11
11,0.23,0.21,0.56,200,141,1,372,5,1,100,2000,0.6293,0.04860936,0.903,0.39732,NaN,NaN,NaN,0.23,0.21,0.56,0.23,0.21
12,0.29,0.31,0.4,200,182,1,426,5,0.8,100,2000,0.6624,0.04761371,0.8198,0.49188,NaN,NaN,NaN,0.29,0.31,0.4,0.29,0.31
13,0.79,0,0.21,200,246,1,525,5,1,100,2000,0.7001,0.046752,0.3759,0.296961,NaN,NaN,NaN,0.79,0,0.21,0.79,0
14,0.19,0.64,0.17,200,274,1,556,5,1,100,2000,0.7531,0.043197,0.5543,0.460069,NaN,NaN,NaN,0.19,0.64,0.17,0.19,0.64
15,0.71,0.23,0.06,200,273,1,573,5,1,100,2000,0.7878,0.03666171,0.443,0.41642,NaN,NaN,NaN,0.71,0.23,0.06,0.71,0.23
16,1,0,0,200,277,1,596,5,1,100,2000,0.8177,0.03225424,0,0,NaN,NaN,NaN,1,0,0,1,0
17,1,0,0,200,260,1,588,5,1,100,2000,0.8408,0.02767851,0,0,NaN,NaN,NaN,1,0,0,1,0
18,1,0,0,200,255,1,591,5,1,100,2000,0.8584,0.02533811,0,0,NaN,NaN,NaN,1,0,0,1,0
19,1,0,0,200,253,1,591,5,1,100,2000,0.867,0.02311539,0,0,NaN,NaN,NaN,1,0,0,1,0
20,1,0,0,200,243,1,588,5,1,100,2000,0.8724,0.02178771,0,0,NaN,NaN,NaN,1,0,0,1,0
21,0.04,0.96,0,200,253,1,598,5,0.8,100,2000,0.8776,0.02019675,0.0768,0.0768,NaN,NaN,NaN,0.04,0.96,0,0.04,0.96
22,1,0,0,200,252,1,596,5,1,100,2000,0.8812,0.01970779,0,0,NaN,NaN,NaN,1,0,0,1,0
23,0.05,0.95,0,200,261,1,605,5,1,100,2000,0.8815,0.01940404,0.0950000000000001,0.0950000000000001,NaN,NaN,NaN,0.05,0.95,0,0.05,0.95
24,1,0,0,200,225,1,588,5,1,100,2000,0.8816,0.01930675,0,0,NaN,NaN,NaN,1,0,0,1,0
25,1,0,0,200,247,1,592,5,1,100,2000,0.8816,0.01930675,0,0,NaN,NaN,NaN,1,0,0,1,0
26,1,0,0,200,236,1,588,5,1,100,2000,0.882,0.01893739,0,0,NaN,NaN,NaN,1,0,0,1,0
27,1,0,0,200,252,1,594,5,1,100,2000,0.8796,0.01928475,0,0,NaN,NaN,NaN,1,0,0,1,0
28,1,0,0,200,246,1,588,5,1,100,2000,0.8797,0.01919984,0,0,NaN,NaN,NaN,1,0,0,1,0
29,0.05,0.95,0,200,250,1,599,5,1,100,2000,0.8799,0.01903596,0.0950000000000001,0.0950000000000001,NaN,NaN,NaN,0.05,0.95,0,0.05,0.95
30,1,0,0,200,249,1,595,5,1,100,2000,0.88,0.01895699,0,0,NaN,NaN,NaN,1,0,0,1,0
31,0.05,0.95,0,200,258,1,607,5,1,100,2000,0.88,0.01895699,0.0950000000000001,0.0950000000000001,NaN,NaN,NaN,0.05,0.95,0,0.05,0.95
32,1,0,0,200,246,1,588,5,1,100,2000,0.8803,0.01873196,0,0,NaN,NaN,NaN,1,0,0,1,0
33,1,0,0,200,232,1,588,5,1,100,2000,0.8803,0.01873196,0,0,NaN,NaN,NaN,1,0,0,1,0
34,1,0,0,200,250,1,596,5,1,100,2000,0.8806,0.01852475,0,0,NaN,NaN,NaN,1,0,0,1,0
35,0.04,0.96,0,200,250,1,604,5,0.8,100,2000,0.8806,0.01852475,0.0768,0.0768,NaN,NaN,NaN,0.04,0.96,0,0.04,0.96
36,1,0,0,200,233,1,588,5,1,100,2000,0.8809,0.01833536,0,0,NaN,NaN,NaN,1,0,0,1,0
37,1,0,0,200,262,1,604,5,1,100,2000,0.8809,0.01833536,0,0,NaN,NaN,NaN,1,0,0,1,0
38,0.04,0.96,0,200,255,1,604,5,0.8,100,2000,0.8809,0.01833536,0.0768,0.0768,NaN,NaN,NaN,0.04,0.96,0,0.04,0.96
39,0.99,0.01,0,200,233,1,588,5,0.8,100,2000,0.8811,0.018219,0.0198,0.0198,NaN,NaN,NaN,0.99,0.01,0,0.99,0.01
40,0.98,0.01,0.01,200,243,1,589,5,0.8,100,2000,0.8749,0.01906496,0.0395000000000001,0.0391050000000001,NaN,NaN,NaN,0.98,0.01,0.01,0.98,0.01
41,1,0,0,200,248,1,588,5,1,100,2000,0.8746,0.01959875,0,0,NaN,NaN,NaN,1,0,0,1,0
42,1,0,0,200,254,1,594,5,1,100,2000,0.8748,0.01949691,0,0,NaN,NaN,NaN,1,0,0,1,0
43,0.99,0.01,0,200,256,1,595,5,0.8,100,2000,0.8748,0.01949691,0.0198,0.0198,NaN,NaN,NaN,0.99,0.01,0,0.99,0.01
44,0.05,0.95,0,200,258,1,610,5,1,100,2000,0.8749,0.01944896,0.0950000000000001,0.0950000000000001,NaN,NaN,NaN,0.05,0.95,0,0.05,0.95
45,0.05,0.95,0,200,262,1,618,5,1,100,2000,0.875,0.01940299,0.0950000000000001,0.0950000000000001,NaN,NaN,NaN,0.05,0.95,0,0.05,0.95
46,0.99,0,0.01,200,249,1,589,5,1,100,2000,0.8751,0.019359,0.0199,0.019701,NaN,NaN,NaN,0.99,0,0.01,0.99,0
47,1,0,0,200,244,1,588,5,1,100,2000,0.8765,0.01876904,0,0,NaN,NaN,NaN,1,0,0,1,0
48,1,0,0,200,249,1,592,5,1,100,2000,0.8766,0.01872875,0,0,NaN,NaN,NaN,1,0,0,1,0
49,1,0,0,200,249,1,604,5,1,100,2000,0.8766,0.01872875,0,0,NaN,NaN,NaN,1,0,0,1,0
50,1,0,0,200,270,1,610,5,1,100,2000,0.8768,0.01865411,0,0,NaN,NaN,NaN,1,0,0,1,0
51,0.04,0.96,0,200,258,1,612,5,0.8,100,2000,0.8771,0.018557,0.0768,0.0768,NaN,NaN,NaN,0.04,0.96,0,0.04,0.96
52,1,0,0,200,254,1,594,5,1,100,2000,0.8782,0.01835339,0,0,NaN,NaN,NaN,1,0,0,1,0
53,0.04,0.96,0,200,276,1,617,5,0.8,100,2000,0.8791,0.018365,0.0768,0.0768,NaN,NaN,NaN,0.04,0.96,0,0.04,0.96
54,1,0,0,200,252,1,594,5,1,100,2000,0.8673,0.02032616,0,0,NaN,NaN,NaN,1,0,0,1,0
55,0.04,0.93,0.03,200,240,1,585,5,0.8,100,2000,0.8637,0.02170504,0.1335,0.129495,NaN,NaN,NaN,0.04,0.93,0.03,0.04,0.93
56,1,0,0,200,254,1,588,5,1,100,2000,0.8649,0.02130296,0,0,NaN,NaN,NaN,1,0,0,1,0
57,0.99,0,0.01,200,236,1,590,5,1,100,2000,0.8649,0.02130296,0.0199,0.019701,NaN,NaN,NaN,0.99,0,0.01,0.99,0
58,0.99,0,0.01,200,256,1,590,5,1,100,2000,0.8655,0.02106884,0.0199,0.019701,NaN,NaN,NaN,0.99,0,0.01,0.99,0
59,1,0,0,200,245,1,588,5,1,100,2000,0.8673,0.02079416,0,0,NaN,NaN,NaN,1,0,0,1,0
60,1,0,0,200,245,1,588,5,1,100,2000,0.8663,0.02076756,0,0,NaN,NaN,NaN,1,0,0,1,0
61,1,0,0,200,256,1,594,5,1,100,2000,0.8663,0.02076756,0,0,NaN,NaN,NaN,1,0,0,1,0
62,1,0,0,200,246,1,588,5,1,100,2000,0.8663,0.02076756,0,0,NaN,NaN,NaN,1,0,0,1,0
63,1,0,0,200,254,1,588,5,1,100,2000,0.8663,0.02076756,0,0,NaN,NaN,NaN,1,0,0,1,0
64,1,0,0,200,246,1,588,5,1,100,2000,0.8663,0.02076756,0,0,NaN,NaN,NaN,1,0,0,1,0
65,1,0,0,200,245,1,588,5,1,100,2000,0.8663,0.02076756,0,0,NaN,NaN,NaN,1,0,0,1,0
66,0.03,0.96,0.01,200,243,1,593,5,0.6,100,2000,0.8663,0.02076756,0.0775,0.076725,NaN,NaN,NaN,0.03,0.96,0.01,0.03,0.96
67,0.05,0.95,0,200,280,1,606,5,0.8,100,2000,0.8557,0.02239264,0.0950000000000001,0.0950000000000001,NaN,NaN,NaN,0.05,0.95,0,0.05,0.95
68,1,0,0,200,247,1,593,5,1,100,2000,0.853,0.02311459,0,0,NaN,NaN,NaN,1,0,0,1,0
69,0.05,0.93,0.02,200,253,1,587,5,0.8,100,2000,0.853,0.02311459,0.1326,0.129948,NaN,NaN,NaN,0.05,0.93,0.02,0.05,0.93
70,1,0,0,200,254,1,588,5,1,100,2000,0.8546,0.02252675,0,0,NaN,NaN,NaN,1,0,0,1,0
71,1,0,0,200,242,1,588,5,1,100,2000,0.8546,0.02252675,0,0,NaN,NaN,NaN,1,0,0,1,0
72,1,0,0,200,239,1,588,5,1,100,2000,0.8546,0.02252675,0,0,NaN,NaN,NaN,1,0,0,1,0
73,0.04,0.96,0,200,266,1,603,5,0.8,100,2000,0.8546,0.02252675,0.0768,0.0768,NaN,NaN,NaN,0.04,0.96,0,0.04,0.96
74,0.05,0.95,0,200,283,1,619,5,0.8,100,2000,0.8546,0.02252675,0.0950000000000001,0.0950000000000001,NaN,NaN,NaN,0.05,0.95,0,0.05,0.95
75,0.05,0.93,0.02,200,260,1,597,5,1,100,2000,0.8546,0.02252675,0.1326,0.129948,NaN,NaN,NaN,0.05,0.93,0.02,0.05,0.93
76,1,0,0,200,257,1,596,5,1,100,2000,0.8569,0.02206376,0,0,NaN,NaN,NaN,1,0,0,1,0
77,0.04,0.95,0.01,200,251,1,589,5,0.8,100,2000,0.8569,0.02206376,0.0959,0.094941,NaN,NaN,NaN,0.04,0.95,0.01,0.04,0.95
78,0.03,0.97,0,200,276,1,606,5,0.6,100,2000,0.8587,0.02182004,0.0582,0.0582,NaN,NaN,NaN,0.03,0.97,0,0.03,0.97
79,0.05,0.95,0,200,261,1,599,5,1,100,2000,0.8587,0.02182004,0.0950000000000001,0.0950000000000001,NaN,NaN,NaN,0.05,0.95,0,0.05,0.95
80,1,0,0,200,244,1,588,5,1,100,2000,0.8441,0.024266,0,0,NaN,NaN,NaN,1,0,0,1,0
81,1,0,0,200,255,1,594,5,1,100,2000,0.84,0.02593099,0,0,NaN,NaN,NaN,1,0,0,1,0
82,1,0,0,200,259,1,597,5,1,100,2000,0.84,0.02593099,0,0,NaN,NaN,NaN,1,0,0,1,0
83,1,0,0,200,254,1,588,5,1,100,2000,0.84,0.02593099,0,0,NaN,NaN,NaN,1,0,0,1,0
84,1,0,0,200,258,1,588,5,1,100,2000,0.84,0.02593099,0,0,NaN,NaN,NaN,1,0,0,1,0
85,0.99,0,0.01,200,251,1,589,5,1,100,2000,0.84,0.02593099,0.0199,0.019701,NaN,NaN,NaN,0.99,0,0.01,0.99,0
86,1,0,0,200,273,1,605,5,1,100,2000,0.84,0.02593099,0,0,NaN,NaN,NaN,1,0,0,1,0
87,0.05,0.94,0.01,200,272,1,609,5,1,100,2000,0.84,0.02593099,0.1139,0.112761,NaN,NaN,NaN,0.05,0.94,0.01,0.05,0.94
88,1,0,0,200,265,1,591,5,1,100,2000,0.8406,0.02572675,0,0,NaN,NaN,NaN,1,0,0,1,0
89,0.98,0,0.02,200,250,1,586,5,1,100,2000,0.8406,0.02572675,0.0396000000000001,0.0388080000000001,NaN,NaN,NaN,0.98,0,0.02,0.98,0
90,1,0,0,200,267,1,596,5,1,100,2000,0.8424,0.02554171,0,0,NaN,NaN,NaN,1,0,0,1,0
91,0.98,0,0.02,200,257,1,589,5,1,100,2000,0.8424,0.02554171,0.0396000000000001,0.0388080000000001,NaN,NaN,NaN,0.98,0,0.02,0.98,0
92,0.99,0,0.01,200,245,1,589,5,1,100,2000,0.8424,0.02554171,0.0199,0.019701,NaN,NaN,NaN,0.99,0,0.01,0.99,0
93,1,0,0,200,252,1,588,5,1,100,2000,0.8437,0.02507904,0,0,NaN,NaN,NaN,1,0,0,1,0
94,0.99,0,0.01,200,257,1,584,5,1,100,2000,0.8285,0.02857744,0.0199,0.019701,NaN,NaN,NaN,0.99,0,0.01,0.99,0
95,1,0,0,200,262,1,591,5,1,100,2000,0.8281,0.027922,0,0,NaN,NaN,NaN,1,0,0,1,0
96,0.05,0.94,0.01,200,288,1,617,5,1,100,2000,0.8281,0.027922,0.1139,0.112761,NaN,NaN,NaN,0.05,0.94,0.01,0.05,0.94
97,0.05,0.92,0.03,200,282,1,598,5,1,100,2000,0.8287,0.02773204,0.1511,0.146567,NaN,NaN,NaN,0.05,0.92,0.03,0.05,0.92
98,0.96,0.01,0.03,200,265,1,583,5,0.8,100,2000,0.8287,0.02773204,0.0783,0.075951,NaN,NaN,NaN,0.96,0.01,0.03,0.96,0.01
99,1,0,0,200,251,1,588,5,1,100,2000,0.834,0.02692579,0,0,NaN,NaN,NaN,1,0,0,1,0
100,1,0,0,200,279,1,600,5,1,100,2000,0.834,0.02692579,0,0,NaN,NaN,NaN,1,0,0,1,0
101,1,0,0,200,259,1,588,5,1,100,2000,0.834,0.02692579,0,0,NaN,NaN,NaN,1,0,0,1,0
102,1,0,0,200,254,1,588,5,1,100,2000,0.834,0.02692579,0,0,NaN,NaN,NaN,1,0,0,1,0
103,1,0,0,200,267,1,588,5,1,100,2000,0.834,0.02692579,0,0,NaN,NaN,NaN,1,0,0,1,0
104,1,0,0,200,257,1,591,5,1,100,2000,0.834,0.02692579,0,0,NaN,NaN,NaN,1,0,0,1,0
105,1,0,0,200,272,1,594,5,1,100,2000,0.8323,0.02673116,0,0,NaN,NaN,NaN,1,0,0,1,0
106,0.05,0.93,0.02,200,276,1,606,5,0.8,100,2000,0.8323,0.02673116,0.1326,0.129948,NaN,NaN,NaN,0.05,0.93,0.02,0.05,0.93
107,0.99,0,0.01,200,257,1,584,5,1,100,2000,0.8099,0.02938196,0.0199,0.019701,NaN,NaN,NaN,0.99,0,0.01,0.99,0
108,1,0,0,200,269,1,588,5,1,100,2000,0.8065,0.02976904,0,0,NaN,NaN,NaN,1,0,0,1,0
109,0.97,0,0.03,200,274,1,590,5,1,100,2000,0.8051,0.030569,0.0591,0.057327,NaN,NaN,NaN,0.97,0,0.03,0.97,0
110,1,0,0,200,268,1,588,5,1,100,2000,0.8071,0.029605,0,0,NaN,NaN,NaN,1,0,0,1,0
111,1,0,0,200,284,1,604,5,1,100,2000,0.8071,0.029605,0,0,NaN,NaN,NaN,1,0,0,1,0
112,1,0,0,200,263,1,591,5,1,100,2000,0.8071,0.029605,0,0,NaN,NaN,NaN,1,0,0,1,0
113,1,0,0,200,271,1,591,5,1,100,2000,0.8071,0.029605,0,0,NaN,NaN,NaN,1,0,0,1,0
114,1,0,0,200,269,1,591,5,1,100,2000,0.8071,0.029605,0,0,NaN,NaN,NaN,1,0,0,1,0
115,1,0,0,200,269,1,591,5,1,100,2000,0.8071,0.029605,0,0,NaN,NaN,NaN,1,0,0,1,0
116,1,0,0,200,284,1,604,5,1,100,2000,0.8071,0.029605,0,0,NaN,NaN,NaN,1,0,0,1,0
117,0.99,0,0.01,200,271,1,589,5,1,100,2000,0.8071,0.029605,0.0199,0.019701,NaN,NaN,NaN,0.99,0,0.01,0.99,0
118,1,0,0,200,263,1,591,5,1,100,2000,0.8072,0.02956259,0,0,NaN,NaN,NaN,1,0,0,1,0
119,1,0,0,200,273,1,591,5,1,100,2000,0.8072,0.02956259,0,0,NaN,NaN,NaN,1,0,0,1,0
120,0.95,0.01,0.04,200,268,1,582,5,0.8,100,2000,0.7882,0.03147739,0.0974,0.093504,NaN,NaN,NaN,0.95,0.01,0.04,0.95,0.01
121,0.05,0.93,0.02,200,295,1,599,5,1,100,2000,0.7861,0.034002,0.1326,0.129948,NaN,NaN,NaN,0.05,0.93,0.02,0.05,0.93
122,0.98,0,0.02,200,276,1,584,5,1,100,2000,0.7857,0.03489464,0.0396000000000001,0.0388080000000001,NaN,NaN,NaN,0.98,0,0.02,0.98,0
123,0.99,0,0.01,200,275,1,587,5,1,100,2000,0.7866,0.03474075,0.0199,0.019701,NaN,NaN,NaN,0.99,0,0.01,0.99,0
124,0.98,0.01,0.01,200,272,1,587,5,0.8,100,2000,0.7871,0.034149,0.0395000000000001,0.0391050000000001,NaN,NaN,NaN,0.98,0.01,0.01,0.98,0.01
125,0.99,0,0.01,200,268,1,584,5,1,100,2000,0.7871,0.034149,0.0199,0.019701,NaN,NaN,NaN,0.99,0,0.01,0.99,0
126,0.95,0.01,0.04,200,273,1,580,5,0.8,100,2000,0.7881,0.033114,0.0974,0.093504,NaN,NaN,NaN,0.95,0.01,0.04,0.95,0.01
127,0.03,0.95,0.02,200,275,1,584,5,0.6,100,2000,0.7911,0.031017,0.0966,0.094668,NaN,NaN,NaN,0.03,0.95,0.02,0.03,0.95
128,1,0,0,200,265,1,588,5,1,100,2000,0.7951,0.030949,0,0,NaN,NaN,NaN,1,0,0,1,0
129,1,0,0,200,280,1,594,5,1,100,2000,0.7951,0.030949,0,0,NaN,NaN,NaN,1,0,0,1,0
130,1,0,0,200,283,1,599,5,1,100,2000,0.7951,0.030949,0,0,NaN,NaN,NaN,1,0,0,1,0
131,1,0,0,200,276,1,588,5,1,100,2000,0.7951,0.030949,0,0,NaN,NaN,NaN,1,0,0,1,0
132,1,0,0,200,266,1,588,5,1,100,2000,0.7951,0.030949,0,0,NaN,NaN,NaN,1,0,0,1,0
133,1,0,0,200,270,1,588,5,1,100,2000,0.7951,0.030949,0,0,NaN,NaN,NaN,1,0,0,1,0
134,0.95,0,0.05,200,268,1,573,5,1,100,2000,0.7738,0.03510931,0.0975,0.092625,NaN,NaN,NaN,0.95,0,0.05,0.95,0
135,0.05,0.67,0.28,200,231,1,503,5,1,100,2000,0.7792,0.03344219,0.5486,0.394992,NaN,NaN,NaN,0.05,0.67,0.28,0.05,0.67
136,0.06,0.92,0.02,200,290,1,595,5,1,100,2000,0.7816,0.03305075,0.15,0.147,NaN,NaN,NaN,0.06,0.92,0.02,0.06,0.92
137,0.99,0,0.01,200,286,1,590,5,1,100,2000,0.7852,0.03316499,0.0199,0.019701,NaN,NaN,NaN,0.99,0,0.01,0.99,0
138,1,0,0,200,293,1,591,5,1,100,2000,0.7852,0.03316499,0,0,NaN,NaN,NaN,1,0,0,1,0
139,1,0,0,200,269,1,588,5,1,100,2000,0.7852,0.03316499,0,0,NaN,NaN,NaN,1,0,0,1,0
140,1,0,0,200,273,1,588,5,1,100,2000,0.7852,0.03316499,0,0,NaN,NaN,NaN,1,0,0,1,0
141,0.05,0.95,0,200,300,1,607,5,1,100,2000,0.7852,0.03316499,0.0950000000000001,0.0950000000000001,NaN,NaN,NaN,0.05,0.95,0,0.05,0.95
142,1,0,0,200,280,1,591,5,1,100,2000,0.7852,0.03316499,0,0,NaN,NaN,NaN,1,0,0,1,0
143,1,0,0,200,274,1,588,5,1,100,2000,0.7852,0.03316499,0,0,NaN,NaN,NaN,1,0,0,1,0
144,0.04,0.96,0,200,288,1,602,5,0.6,100,2000,0.7852,0.03316499,0.0768,0.0768,NaN,NaN,NaN,0.04,0.96,0,0.04,0.96
145,1,0,0,200,284,1,591,5,1,100,2000,0.7852,0.03316499,0,0,NaN,NaN,NaN,1,0,0,1,0
146,0.99,0,0.01,200,280,1,589,5,1,100,2000,0.7852,0.03316499,0.0199,0.019701,NaN,NaN,NaN,0.99,0,0.01,0.99,0
147,0.93,0,0.07,200,256,1,564,5,1,100,2000,0.768,0.03598859,0.1351,0.125643,NaN,NaN,NaN,0.93,0,0.07,0.93,0
148,0.76,0,0.24,200,222,1,506,5,1,100,2000,0.7581,0.034682,0.4224,0.321024,NaN,NaN,NaN,0.76,0,0.24,0.76,0
149,0.76,0,0.24,200,218,1,506,5,1,100,2000,0.7603,0.03394196,0.4224,0.321024,NaN,NaN,NaN,0.76,0,0.24,0.76,0
150,0.04,0.94,0.02,200,314,1,605,5,0.8,100,2000,0.7633,0.03359176,0.1148,0.112504,NaN,NaN,NaN,0.04,0.94,0.02,0.04,0.94
151,1,0,0,200,312,1,610,5,1,100,2000,0.7662,0.03363179,0,0,NaN,NaN,NaN,1,0,0,1,0
152,1,0,0,200,287,1,588,5,1,100,2000,0.7662,0.03363179,0,0,NaN,NaN,NaN,1,0,0,1,0
153,1,0,0,200,292,1,599,5,1,100,2000,0.7662,0.03363179,0,0,NaN,NaN,NaN,1,0,0,1,0
154,0.04,0.96,0,200,298,1,602,5,0.8,100,2000,0.7662,0.03363179,0.0768,0.0768,NaN,NaN,NaN,0.04,0.96,0,0.04,0.96
155,1,0,0,200,304,1,591,5,1,100,2000,0.7662,0.03363179,0,0,NaN,NaN,NaN,1,0,0,1,0
156,1,0,0,200,287,1,588,5,1,100,2000,0.7662,0.03363179,0,0,NaN,NaN,NaN,1,0,0,1,0
157,0.78,0.22,0,200,305,1,601,5,0.8,100,2000,0.7662,0.03363179,0.3432,0.3432,NaN,NaN,NaN,0.78,0.22,0,0.78,0.22
158,1,0,0,200,287,1,591,5,1,100,2000,0.7662,0.03363179,0,0,NaN,NaN,NaN,1,0,0,1,0
159,1,0,0,200,289,1,594,5,1,100,2000,0.7662,0.03363179,0,0,NaN,NaN,NaN,1,0,0,1,0
160,0.06,0,0.94,200,24,1,224,5,1,100,2000,0.7386,0.03329675,0.9964,0.0597840000000001,NaN,NaN,NaN,0.06,0,0.94,0.06,0
161,0.94,0,0.06,200,285,1,570,5,1,100,2000,0.7486,0.03195675,0.1164,0.109416,NaN,NaN,NaN,0.94,0,0.06,0.94,0
162,0.05,0.84,0.11,200,273,1,547,5,0.8,100,2000,0.7479,0.03260516,0.2919,0.259791,NaN,NaN,NaN,0.05,0.84,0.11,0.05,0.84
163,1,0,0,200,307,1,591,5,1,100,2000,0.75,0.03203099,0,0,NaN,NaN,NaN,1,0,0,1,0
164,1,0,0,200,295,1,594,5,1,100,2000,0.7514,0.03174731,0,0,NaN,NaN,NaN,1,0,0,1,0
165,0.8,0,0.2,200,252,1,522,5,1,100,2000,0.7305,0.03327784,0.36,0.288,NaN,NaN,NaN,0.8,0,0.2,0.8,0
166,0.05,0.76,0.19,200,257,1,534,5,0.8,100,2000,0.7367,0.03262644,0.4199,0.340119,NaN,NaN,NaN,0.05,0.76,0.19,0.05,0.76
167,0.98,0,0.02,200,313,1,592,5,1,100,2000,0.7419,0.03118276,0.0396000000000001,0.0388080000000001,NaN,NaN,NaN,0.98,0,0.02,0.98,0
168,1,0,0,200,305,1,596,5,1,100,2000,0.7479,0.02962316,0,0,NaN,NaN,NaN,1,0,0,1,0
169,1,0,0,200,295,1,588,5,1,100,2000,0.7493,0.02972736,0,0,NaN,NaN,NaN,1,0,0,1,0
170,0.99,0,0.01,200,297,1,591,5,1,100,2000,0.748,0.03041259,0.0199,0.019701,NaN,NaN,NaN,0.99,0,0.01,0.99,0
171,1,0,0,200,299,1,594,5,1,100,2000,0.7493,0.02972736,0,0,NaN,NaN,NaN,1,0,0,1,0
172,0.93,0.01,0.06,200,310,1,590,5,1,100,2000,0.7493,0.02972736,0.135,0.1269,NaN,NaN,NaN,0.93,0.01,0.06,0.93,0.01
173,1,0,0,200,294,1,588,5,1,100,2000,0.751,0.02962219,0,0,NaN,NaN,NaN,1,0,0,1,0
174,0.05,0.02,0.93,200,29,1,229,5,0.8,100,2000,0.7413,0.03214456,0.9971,0.069797,NaN,NaN,NaN,0.05,0.02,0.93,0.05,0.02
175,1,0,0,200,294,1,588,5,1,100,2000,0.751,0.02962219,0,0,NaN,NaN,NaN,1,0,0,1,0
176,0.07,0.72,0.21,200,260,1,521,5,0.8,100,2000,0.7128,0.02616371,0.4767,0.376593,NaN,NaN,NaN,0.07,0.72,0.21,0.07,0.72
177,0.88,0,0.12,200,278,1,560,5,1,100,2000,0.7182,0.02699339,0.2256,0.198528,NaN,NaN,NaN,0.88,0,0.12,0.88,0
178,1,0,0,200,299,1,588,5,1,100,2000,0.7238,0.02752731,0,0,NaN,NaN,NaN,1,0,0,1,0
179,0.92,0,0.08,200,283,1,559,5,1,100,2000,0.7181,0.028032,0.1536,0.141312,NaN,NaN,NaN,0.92,0,0.08,0.92,0
180,0.72,0,0.28,200,217,1,488,5,1,100,2000,0.7056,0.02920075,0.4816,0.346752,NaN,NaN,NaN,0.72,0,0.28,0.72,0
181,0.81,0.01,0.18,200,262,1,532,5,0.8,100,2000,0.72,0.02869699,0.3438,0.281916,NaN,NaN,NaN,0.81,0.01,0.18,0.81,0.01
182,0.87,0,0.13,200,276,1,550,5,1,100,2000,0.7271,0.028175,0.2431,0.211497,NaN,NaN,NaN,0.87,0,0.13,0.87,0
183,1,0,0,200,292,1,588,5,1,100,2000,0.733,0.02751259,0,0,NaN,NaN,NaN,1,0,0,1,0
184,0.98,0,0.02,200,304,1,586,5,1,100,2000,0.7337,0.02840504,0.0396000000000001,0.0388080000000001,NaN,NaN,NaN,0.98,0,0.02,0.98,0
185,0.99,0,0.01,200,292,1,585,5,1,100,2000,0.7336,0.02838475,0.0199,0.019701,NaN,NaN,NaN,0.99,0,0.01,0.99,0
186,0.99,0,0.01,200,298,1,592,5,1,100,2000,0.735,0.02775699,0.0199,0.019701,NaN,NaN,NaN,0.99,0,0.01,0.99,0
187,0.98,0,0.02,200,313,1,585,5,1,100,2000,0.7273,0.02900416,0.0396000000000001,0.0388080000000001,NaN,NaN,NaN,0.98,0,0.02,0.98,0
188,1,0,0,200,309,1,588,5,1,100,2000,0.7287,0.02782604,0,0,NaN,NaN,NaN,1,0,0,1,0
189,0.16,0.32,0.52,200,179,1,400,5,0.8,100,2000,0.691,0.02504219,0.872,0.41856,NaN,NaN,NaN,0.16,0.32,0.52,0.16,0.32
190,0.96,0,0.04,200,304,1,577,5,1,100,2000,0.7,0.02767099,0.0784,0.075264,NaN,NaN,NaN,0.96,0,0.04,0.96,0
191,0.92,0,0.08,200,298,1,563,5,1,100,2000,0.6941,0.028118,0.1536,0.141312,NaN,NaN,NaN,0.92,0,0.08,0.92,0
192,0.95,0,0.05,200,305,1,572,5,1,100,2000,0.6923,0.03023916,0.0975,0.092625,NaN,NaN,NaN,0.95,0,0.05,0.95,0
193,1,0,0,200,321,1,588,5,1,100,2000,0.6929,0.02917616,0,0,NaN,NaN,NaN,1,0,0,1,0
194,1,0,0,200,325,1,591,5,1,100,2000,0.6958,0.02852651,0,0,NaN,NaN,NaN,1,0,0,1,0
195,1,0,0,200,307,1,588,5,1,100,2000,0.6945,0.02830264,0,0,NaN,NaN,NaN,1,0,0,1,0
196,0.99,0,0.01,200,313,1,586,5,1,100,2000,0.6926,0.02795475,0.0199,0.019701,NaN,NaN,NaN,0.99,0,0.01,0.99,0
197,1,0,0,200,318,1,588,5,1,100,2000,0.6917,0.02835744,0,0,NaN,NaN,NaN,1,0,0,1,0
198,1,0,0,200,322,1,588,5,1,100,2000,0.6917,0.02835744,0,0,NaN,NaN,NaN,1,0,0,1,0
199,1,0,0,200,313,1,588,5,1,100,2000,0.6917,0.02835744,0,0,NaN,NaN,NaN,1,0,0,1,0
200,0.75,0,0.25,200,238,1,489,5,1,100,2000,0.6843,0.02890236,0.4375,0.328125,NaN,NaN,NaN,0.75,0,0.25,0.75,0
201,0.64,0.01,0.35,200,209,1,455,5,1,100,2000,0.6858,0.02907851,0.5903,0.383695,NaN,NaN,NaN,0.64,0.01,0.35,0.64,0.01
202,0.15,0.72,0.13,200,296,1,557,5,1,100,2000,0.6922,0.02767459,0.4591,0.399417,NaN,NaN,NaN,0.15,0.72,0.13,0.15,0.72
203,0.3,0,0.7,200,111,1,315,5,1,100,2000,0.6986,0.02582675,0.91,0.273,NaN,NaN,NaN,0.3,0,0.7,0.3,0
204,0.32,0.01,0.67,200,107,1,320,5,1,100,2000,0.6999,0.02450396,0.8975,0.296175,NaN,NaN,NaN,0.32,0.01,0.67,0.32,0.01
205,0.78,0.13,0.09,200,280,1,553,5,0.8,100,2000,0.7066,0.02392275,0.3747,0.340977,NaN,NaN,NaN,0.78,0.13,0.09,0.78,0.13
206,0.1,0,0.9,200,46,1,246,5,1,100,2000,0.6862,0.02259979,0.99,0.099,NaN,NaN,NaN,0.1,0,0.9,0.1,0
207,0.78,0.03,0.19,200,259,1,520,5,0.8,100,2000,0.6918,0.02343611,0.3907,0.316467,NaN,NaN,NaN,0.78,0.03,0.19,0.78,0.03
208,0.9,0,0.1,200,303,1,563,5,1,100,2000,0.7007,0.02319364,0.19,0.171,NaN,NaN,NaN,0.9,0,0.1,0.9,0
209,0.95,0,0.05,200,303,1,577,5,1,100,2000,0.6972,0.02344259,0.0975,0.092625,NaN,NaN,NaN,0.95,0,0.05,0.95,0
210,0.04,0.96,0,200,323,1,602,5,0.8,100,2000,0.7027,0.02394924,0.0768,0.0768,NaN,NaN,NaN,0.04,0.96,0,0.04,0.96
211,0.29,0.07,0.64,200,118,1,331,5,1,100,2000,0.7012,0.02426979,0.911,0.32796,NaN,NaN,NaN,0.29,0.07,0.64,0.29,0.07
212,0.05,0.95,0,200,315,1,615,5,1,100,2000,0.7063,0.02287556,0.0950000000000001,0.0950000000000001,NaN,NaN,NaN,0.05,0.95,0,0.05,0.95
213,0.95,0.03,0.02,200,319,1,596,5,0.8,100,2000,0.7055,0.02312084,0.0966,0.094668,NaN,NaN,NaN,0.95,0.03,0.02,0.95,0.03
214,0.99,0,0.01,200,308,1,589,5,1,100,2000,0.7002,0.02166099,0.0199,0.019701,NaN,NaN,NaN,0.99,0,0.01,0.99,0
215,1,0,0,200,311,1,591,5,1,100,2000,0.7021,0.02198,0,0,NaN,NaN,NaN,1,0,0,1,0
216,1,0,0,200,318,1,594,5,1,100,2000,0.7021,0.02198,0,0,NaN,NaN,NaN,1,0,0,1,0
217,1,0,0,200,315,1,591,5,1,100,2000,0.7002,0.02166099,0,0,NaN,NaN,NaN,1,0,0,1,0
218,0.07,0.7,0.23,200,260,1,514,5,0.6,100,2000,0.6984,0.02166211,0.5051,0.388927,NaN,NaN,NaN,0.07,0.7,0.23,0.07,0.7
219,1,0,0,200,319,1,596,5,1,100,2000,0.7057,0.02199664,0,0,NaN,NaN,NaN,1,0,0,1,0
220,1,0,0,200,318,1,591,5,1,100,2000,0.703,0.02208059,0,0,NaN,NaN,NaN,1,0,0,1,0
221,0.14,0,0.86,200,48,1,249,5,1,100,2000,0.6833,0.02157376,0.9804,0.137256,NaN,NaN,NaN,0.14,0,0.86,0.14,0
222,0.9,0,0.1,200,300,1,563,5,1,100,2000,0.6914,0.02223931,0.19,0.171,NaN,NaN,NaN,0.9,0,0.1,0.9,0
223,0.89,0.01,0.1,200,306,1,561,5,0.8,100,2000,0.6874,0.02110171,0.2078,0.18702,NaN,NaN,NaN,0.89,0.01,0.1,0.89,0.01
224,1,0,0,200,326,1,592,5,1,100,2000,0.6904,0.02170491,0,0,NaN,NaN,NaN,1,0,0,1,0
225,1,0,0,200,317,1,591,5,1,100,2000,0.6891,0.021571,0,0,NaN,NaN,NaN,1,0,0,1,0
226,0.1,0.71,0.19,200,268,1,529,5,1,100,2000,0.6852,0.02141899,0.4859,0.393579,NaN,NaN,NaN,0.1,0.71,0.19,0.1,0.71
227,0.98,0,0.02,200,315,1,584,5,1,100,2000,0.6835,0.02134644,0.0396000000000001,0.0388080000000001,NaN,NaN,NaN,0.98,0,0.02,0.98,0
228,0.06,0,0.94,200,27,1,227,5,1,100,2000,0.6846,0.02178275,0.9964,0.0597840000000001,NaN,NaN,NaN,0.06,0,0.94,0.06,0
229,0.97,0,0.03,200,306,1,581,5,1,100,2000,0.6918,0.02172211,0.0591,0.057327,NaN,NaN,NaN,0.97,0,0.03,0.97,0
230,0.96,0.02,0.02,200,312,1,587,5,1,100,2000,0.6947,0.02142484,0.0780000000000001,0.0764400000000001,NaN,NaN,NaN,0.96,0.02,0.02,0.96,0.02
231,1,0,0,200,325,1,599,5,1,100,2000,0.6948,0.02093891,0,0,NaN,NaN,NaN,1,0,0,1,0
232,0.76,0.05,0.19,200,275,1,527,5,1,100,2000,0.6925,0.02052824,0.4199,0.340119,NaN,NaN,NaN,0.76,0.05,0.19,0.76,0.05
233,0.8,0,0.2,200,263,1,522,5,1,100,2000,0.694,0.02065979,0.36,0.288,NaN,NaN,NaN,0.8,0,0.2,0.8,0
234,0.32,0.21,0.47,200,178,1,399,5,1,100,2000,0.6969,0.02002576,0.8535,0.452355,NaN,NaN,NaN,0.32,0.21,0.47,0.32,0.21
235,1,0,0,200,306,1,588,5,1,100,2000,0.6986,0.02005875,0,0,NaN,NaN,NaN,1,0,0,1,0
236,1,0,0,200,323,1,602,5,1,100,2000,0.6979,0.01995516,0,0,NaN,NaN,NaN,1,0,0,1,0
237,0.98,0,0.02,200,304,1,584,5,1,100,2000,0.6875,0.02043924,0.0396000000000001,0.0388080000000001,NaN,NaN,NaN,0.98,0,0.02,0.98,0
238,0.73,0.02,0.25,200,263,1,511,5,1,100,2000,0.6742,0.01974619,0.4667,0.350025,NaN,NaN,NaN,0.73,0.02,0.25,0.73,0.02
239,0.98,0,0.02,200,312,1,586,5,1,100,2000,0.6876,0.02094075,0.0396000000000001,0.0388080000000001,NaN,NaN,NaN,0.98,0,0.02,0.98,0
240,0.06,0.08,0.86,200,63,1,265,5,1,100,2000,0.6759,0.02068636,0.99,0.1386,NaN,NaN,NaN,0.06,0.08,0.86,0.06,0.08
241,0.94,0,0.06,200,312,1,582,5,1,100,2000,0.6866,0.02130275,0.1164,0.109416,NaN,NaN,NaN,0.94,0,0.06,0.94,0
242,0.76,0.07,0.17,200,257,1,525,5,1,100,2000,0.687,0.02179739,0.4175,0.346525,NaN,NaN,NaN,0.76,0.07,0.17,0.76,0.07
243,0.3,0.21,0.49,200,176,1,396,5,1,100,2000,0.6861,0.021478,0.8659,0.441609,NaN,NaN,NaN,0.3,0.21,0.49,0.3,0.21
244,0.3,0.28,0.42,200,190,1,424,5,1,100,2000,0.6916,0.02161275,0.8316,0.482328,NaN,NaN,NaN,0.3,0.28,0.42,0.3,0.28
245,0.99,0,0.01,200,308,1,585,5,1,100,2000,0.6982,0.02155739,0.0199,0.019701,NaN,NaN,NaN,0.99,0,0.01,0.99,0
246,0.99,0,0.01,200,300,1,586,5,1,100,2000,0.6964,0.02152731,0.0199,0.019701,NaN,NaN,NaN,0.99,0,0.01,0.99,0
247,1,0,0,200,306,1,588,5,1,100,2000,0.6932,0.02226739,0,0,NaN,NaN,NaN,1,0,0,1,0
248,0.94,0.02,0.04,200,293,1,576,5,1,100,2000,0.6931,0.022271,0.116,0.11136,NaN,NaN,NaN,0.94,0.02,0.04,0.94,0.02
249,1,0,0,200,319,1,588,5,1,100,2000,0.6919,0.02225276,0,0,NaN,NaN,NaN,1,0,0,1,0
250,1,0,0,200,304,1,588,5,1,100,2000,0.6914,0.02158931,0,0,NaN,NaN,NaN,1,0,0,1,0
251,1,0,0,200,325,1,604,5,1,100,2000,0.6892,0.02139219,0,0,NaN,NaN,NaN,1,0,0,1,0
252,0.88,0,0.12,200,282,1,555,5,1,100,2000,0.6822,0.02055659,0.2256,0.198528,NaN,NaN,NaN,0.88,0,0.12,0.88,0
253,1,0,0,200,312,1,594,5,1,100,2000,0.6886,0.02106075,0,0,NaN,NaN,NaN,1,0,0,1,0
254,0.07,0,0.93,200,30,1,230,5,1,100,2000,0.6663,0.01970156,0.9951,0.069657,NaN,NaN,NaN,0.07,0,0.93,0.07,0
255,0.83,0.02,0.15,200,289,1,545,5,1,100,2000,0.6772,0.02046059,0.3107,0.264095,NaN,NaN,NaN,0.83,0.02,0.15,0.83,0.02
256,0.94,0.02,0.04,200,302,1,576,5,1,100,2000,0.6851,0.021929,0.116,0.11136,NaN,NaN,NaN,0.94,0.02,0.04,0.94,0.02
257,0.34,0.04,0.62,200,123,1,338,5,1,100,2000,0.6846,0.02179075,0.8828,0.335464,NaN,NaN,NaN,0.34,0.04,0.62,0.34,0.04
258,0.93,0.04,0.03,200,320,1,585,5,1,100,2000,0.6896,0.02108875,0.1335,0.129495,NaN,NaN,NaN,0.93,0.04,0.03,0.93,0.04
259,0.97,0,0.03,200,303,1,580,5,1,100,2000,0.6901,0.021116,0.0591,0.057327,NaN,NaN,NaN,0.97,0,0.03,0.97,0
260,0.85,0.03,0.12,200,284,1,558,5,0.8,100,2000,0.6905,0.02212184,0.2766,0.243408,NaN,NaN,NaN,0.85,0.03,0.12,0.85,0.03
261,0.97,0.02,0.01,200,313,1,590,5,1,100,2000,0.6886,0.02113475,0.0587000000000001,0.0581130000000001,NaN,NaN,NaN,0.97,0.02,0.01,0.97,0.02
262,0.17,0.68,0.15,200,292,1,567,5,1,100,2000,0.6904,0.02150091,0.5087,0.432395,NaN,NaN,NaN,0.17,0.68,0.15,0.17,0.68
263,0.08,0.74,0.18,200,274,1,536,5,1,100,2000,0.6978,0.02083171,0.446,0.36572,NaN,NaN,NaN,0.08,0.74,0.18,0.08,0.74
264,0.18,0.57,0.25,200,232,1,504,5,0.8,100,2000,0.7044,0.01969251,0.6427,0.482025,NaN,NaN,NaN,0.18,0.57,0.25,0.18,0.57
265,0.85,0.01,0.14,200,258,1,547,5,1,100,2000,0.7099,0.02000996,0.2774,0.238564,NaN,NaN,NaN,0.85,0.01,0.14,0.85,0.01
266,1,0,0,200,291,1,588,5,1,100,2000,0.7093,0.01995936,0,0,NaN,NaN,NaN,1,0,0,1,0
267,0.17,0.02,0.81,200,66,1,269,5,1,100,2000,0.7029,0.02034816,0.9707,0.184433,NaN,NaN,NaN,0.17,0.02,0.81,0.17,0.02
268,0.32,0.22,0.46,200,163,1,392,5,0.8,100,2000,0.7124,0.01979571,0.8492,0.458568,NaN,NaN,NaN,0.32,0.22,0.46,0.32,0.22
269,0.8,0.14,0.06,200,301,1,568,5,0.8,100,2000,0.717,0.01930339,0.3404,0.319976,NaN,NaN,NaN,0.8,0.14,0.06,0.8,0.14
270,0.88,0.02,0.1,200,259,1,556,5,1,100,2000,0.7203,0.01953796,0.2252,0.20268,NaN,NaN,NaN,0.88,0.02,0.1,0.88,0.02
271,1,0,0,200,293,1,588,5,1,100,2000,0.7174,0.02112971,0,0,NaN,NaN,NaN,1,0,0,1,0
272,0.92,0,0.08,200,281,1,564,5,1,100,2000,0.7049,0.02078296,0.1536,0.141312,NaN,NaN,NaN,0.92,0,0.08,0.92,0
273,0.52,0.47,0.01,200,326,1,601,5,1,100,2000,0.7112,0.02151979,0.5087,0.503613,NaN,NaN,NaN,0.52,0.47,0.01,0.52,0.47
274,1,0,0,200,287,1,592,5,1,100,2000,0.7112,0.02151979,0,0,NaN,NaN,NaN,1,0,0,1,0
275,0.99,0,0.01,200,293,1,586,5,1,100,2000,0.7039,0.02190356,0.0199,0.019701,NaN,NaN,NaN,0.99,0,0.01,0.99,0
276,1,0,0,200,300,1,588,5,1,100,2000,0.7055,0.02242684,0,0,NaN,NaN,NaN,1,0,0,1,0
277,0.94,0.02,0.04,200,287,1,577,5,1,100,2000,0.7048,0.02281891,0.116,0.11136,NaN,NaN,NaN,0.94,0.02,0.04,0.94,0.02
278,0.96,0.02,0.02,200,291,1,583,5,1,100,2000,0.7057,0.02241264,0.0780000000000001,0.0764400000000001,NaN,NaN,NaN,0.96,0.02,0.02,0.96,0.02
279,1,0,0,200,286,1,591,5,1,100,2000,0.7046,0.02219675,0,0,NaN,NaN,NaN,1,0,0,1,0
280,0.08,0.48,0.44,200,213,1,456,5,1,100,2000,0.6862,0.02099379,0.7632,0.427392,NaN,NaN,NaN,0.08,0.48,0.44,0.08,0.48
281,0.99,0,0.01,200,296,1,600,5,1,100,2000,0.7057,0.02116864,0.0199,0.019701,NaN,NaN,NaN,0.99,0,0.01,0.99,0
282,1,0,0,200,297,1,588,5,1,100,2000,0.7065,0.02149304,0,0,NaN,NaN,NaN,1,0,0,1,0
283,1,0,0,200,314,1,600,5,1,100,2000,0.7061,0.021522,0,0,NaN,NaN,NaN,1,0,0,1,0
284,0.07,0.3,0.63,200,116,1,336,5,1,100,2000,0.699,0.02196179,0.9051,0.334887,NaN,NaN,NaN,0.07,0.3,0.63,0.07,0.3
285,0.99,0,0.01,200,303,1,594,5,1,100,2000,0.7026,0.02183875,0.0199,0.019701,NaN,NaN,NaN,0.99,0,0.01,0.99,0
286,0.87,0,0.13,200,284,1,557,5,1,100,2000,0.691,0.02010419,0.2431,0.211497,NaN,NaN,NaN,0.87,0,0.13,0.87,0
287,0.94,0,0.06,200,286,1,569,5,1,100,2000,0.6972,0.02246259,0.1164,0.109416,NaN,NaN,NaN,0.94,0,0.06,0.94,0
288,0.07,0.44,0.49,200,154,1,385,5,0.6,100,2000,0.6958,0.02345251,0.8015,0.408765,NaN,NaN,NaN,0.07,0.44,0.49,0.07,0.44
289,0.99,0,0.01,200,303,1,586,5,1,100,2000,0.6955,0.02228484,0.0199,0.019701,NaN,NaN,NaN,0.99,0,0.01,0.99,0
290,0.99,0,0.01,200,292,1,586,5,1,100,2000,0.7029,0.02250416,0.0199,0.019701,NaN,NaN,NaN,0.99,0,0.01,0.99,0
291,1,0,0,200,302,1,588,5,1,100,2000,0.705,0.02284499,0,0,NaN,NaN,NaN,1,0,0,1,0
292,1,0,0,200,307,1,588,5,1,100,2000,0.7009,0.02219336,0,0,NaN,NaN,NaN,1,0,0,1,0
293,0.17,0.25,0.58,200,159,1,374,5,1,100,2000,0.6949,0.02120096,0.9086,0.381612,NaN,NaN,NaN,0.17,0.25,0.58,0.17,0.25
294,0.76,0,0.24,200,242,1,506,5,1,100,2000,0.6854,0.01994091,0.4224,0.321024,NaN,NaN,NaN,0.76,0,0.24,0.76,0
295,0.77,0.02,0.21,200,231,1,518,5,1,100,2000,0.6912,0.02059579,0.4067,0.321293,NaN,NaN,NaN,0.77,0.02,0.21,0.77,0.02
296,0.08,0.81,0.11,200,291,1,557,5,1,100,2000,0.6977,0.02114024,0.3375,0.300375,NaN,NaN,NaN,0.08,0.81,0.11,0.08,0.81
297,0.05,0.93,0.02,200,320,1,599,5,1,100,2000,0.705,0.02088099,0.1326,0.129948,NaN,NaN,NaN,0.05,0.93,0.02,0.05,0.93
298,0.97,0,0.03,200,300,1,589,5,1,100,2000,0.7107,0.02013364,0.0591,0.057327,NaN,NaN,NaN,0.97,0,0.03,0.97,0
299,0.97,0,0.03,200,282,1,581,5,1,100,2000,0.7095,0.02001764,0.0591,0.057327,NaN,NaN,NaN,0.97,0,0.03,0.97,0
300,1,0,0,200,297,1,588,5,1,100,2000,0.7098,0.02038491,0,0,NaN,NaN,NaN,1,0,0,1,0
301,0.08,0.74,0.18,200,292,1,547,5,1,100,2000,0.6852,0.02017299,0.446,0.36572,NaN,NaN,NaN,0.08,0.74,0.18,0.08,0.74
302,0.49,0.22,0.29,200,244,1,499,5,1,100,2000,0.6896,0.02168675,0.7115,0.505165,NaN,NaN,NaN,0.49,0.22,0.29,0.49,0.22
303,0.93,0,0.07,200,296,1,568,5,1,100,2000,0.6966,0.02151075,0.1351,0.125643,NaN,NaN,NaN,0.93,0,0.07,0.93,0
304,0.22,0.7,0.08,200,307,1,573,5,1,100,2000,0.7017,0.02168944,0.4616,0.424672,NaN,NaN,NaN,0.22,0.7,0.08,0.22,0.7
305,0.33,0.21,0.46,200,162,1,393,5,1,100,2000,0.7044,0.02027451,0.847,0.45738,NaN,NaN,NaN,0.33,0.21,0.46,0.33,0.21
306,0.05,0.9,0.05,200,311,1,588,5,1,100,2000,0.7138,0.02074731,0.1875,0.178125,NaN,NaN,NaN,0.05,0.9,0.05,0.05,0.9
307,0.04,0.95,0.01,200,322,1,597,5,0.8,100,2000,0.7016,0.02055075,0.0959,0.094941,NaN,NaN,NaN,0.04,0.95,0.01,0.04,0.95
308,0.93,0,0.07,200,293,1,568,5,1,100,2000,0.6987,0.02058004,0.1351,0.125643,NaN,NaN,NaN,0.93,0,0.07,0.93,0
309,0.28,0.32,0.4,200,204,1,440,5,0.8,100,2000,0.6976,0.02113075,0.8192,0.49152,NaN,NaN,NaN,0.28,0.32,0.4,0.28,0.32
310,0.78,0.02,0.2,200,240,1,520,5,1,100,2000,0.7056,0.02059675,0.3912,0.31296,NaN,NaN,NaN,0.78,0.02,0.2,0.78,0.02
311,0.27,0.62,0.11,200,289,1,556,5,0.8,100,2000,0.7135,0.02084044,0.5427,0.483003,NaN,NaN,NaN,0.27,0.62,0.11,0.27,0.62
312,0.98,0,0.02,200,277,1,583,5,1,100,2000,0.7201,0.021156,0.0396000000000001,0.0388080000000001,NaN,NaN,NaN,0.98,0,0.02,0.98,0
313,0.05,0.95,0,200,313,1,600,5,1,100,2000,0.7217,0.02104344,0.0950000000000001,0.0950000000000001,NaN,NaN,NaN,0.05,0.95,0,0.05,0.95
314,0.99,0,0.01,200,282,1,585,5,1,100,2000,0.7186,0.02134475,0.0199,0.019701,NaN,NaN,NaN,0.99,0,0.01,0.99,0
315,0.07,0.79,0.14,200,284,1,545,5,0.8,100,2000,0.7112,0.02086179,0.371,0.31906,NaN,NaN,NaN,0.07,0.79,0.14,0.07,0.79
316,0.95,0,0.05,200,291,1,575,5,1,100,2000,0.7095,0.02174564,0.0975,0.092625,NaN,NaN,NaN,0.95,0,0.05,0.95,0
317,0.99,0,0.01,200,289,1,585,5,1,100,2000,0.7136,0.02167875,0.0199,0.019701,NaN,NaN,NaN,0.99,0,0.01,0.99,0
318,1,0,0,200,285,1,588,5,1,100,2000,0.713,0.02127059,0,0,NaN,NaN,NaN,1,0,0,1,0
319,0.99,0,0.01,200,292,1,586,5,1,100,2000,0.7099,0.02063196,0.0199,0.019701,NaN,NaN,NaN,0.99,0,0.01,0.99,0
320,0.08,0.01,0.91,200,41,1,241,5,1,100,2000,0.6976,0.02049875,0.9935,0.089415,NaN,NaN,NaN,0.08,0.01,0.91,0.08,0.01
321,0.05,0.95,0,200,323,1,619,5,1,100,2000,0.7125,0.02087224,0.0950000000000001,0.0950000000000001,NaN,NaN,NaN,0.05,0.95,0,0.05,0.95
322,1,0,0,200,295,1,588,5,1,100,2000,0.7095,0.02069164,0,0,NaN,NaN,NaN,1,0,0,1,0
323,1,0,0,200,305,1,588,5,1,100,2000,0.7075,0.02045524,0,0,NaN,NaN,NaN,1,0,0,1,0
324,0.18,0.56,0.26,200,227,1,494,5,0.8,100,2000,0.7053,0.02013096,0.654,0.48396,NaN,NaN,NaN,0.18,0.56,0.26,0.18,0.56
325,0.78,0.22,0,200,302,1,591,5,0.8,100,2000,0.7089,0.02009256,0.3432,0.3432,NaN,NaN,NaN,0.78,0.22,0,0.78,0.22
326,0.99,0,0.01,200,285,1,585,5,1,100,2000,0.7085,0.02111144,0.0199,0.019701,NaN,NaN,NaN,0.99,0,0.01,0.99,0
327,0.03,0.88,0.09,200,278,1,564,5,0.4,100,2000,0.7038,0.02096531,0.2247,0.204477,NaN,NaN,NaN,0.03,0.88,0.09,0.03,0.88
328,0.05,0.94,0.01,200,314,1,605,5,1,100,2000,0.7099,0.02005396,0.1139,0.112761,NaN,NaN,NaN,0.05,0.94,0.01,0.05,0.94
329,0.05,0.87,0.08,200,305,1,580,5,1,100,2000,0.705,0.01984499,0.2406,0.221352,NaN,NaN,NaN,0.05,0.87,0.08,0.05,0.87
330,0.71,0.04,0.25,200,254,1,514,5,1,100,2000,0.6954,0.02066691,0.4943,0.370725,NaN,NaN,NaN,0.71,0.04,0.25,0.71,0.04
331,0.93,0.01,0.06,200,297,1,575,5,1,100,2000,0.708,0.02044659,0.135,0.1269,NaN,NaN,NaN,0.93,0.01,0.06,0.93,0.01
332,0.88,0.07,0.05,200,300,1,580,5,1,100,2000,0.71,0.02026299,0.2207,0.209665,NaN,NaN,NaN,0.88,0.07,0.05,0.88,0.07
333,0.52,0.47,0.01,200,312,1,597,5,1,100,2000,0.7099,0.02030196,0.5087,0.503613,NaN,NaN,NaN,0.52,0.47,0.01,0.52,0.47
334,0.07,0.26,0.67,200,125,1,337,5,0.8,100,2000,0.695,0.01972099,0.9275,0.306075,NaN,NaN,NaN,0.07,0.26,0.67,0.07,0.26
335,0.05,0.95,0,200,315,1,610,5,1,100,2000,0.7051,0.020979,0.0950000000000001,0.0950000000000001,NaN,NaN,NaN,0.05,0.95,0,0.05,0.95
336,0.24,0.72,0.04,200,299,1,582,5,1,100,2000,0.7032,0.02137939,0.424,0.40704,NaN,NaN,NaN,0.24,0.72,0.04,0.24,0.72
337,0.56,0.07,0.37,200,208,1,461,5,1,100,2000,0.7025,0.02059824,0.6815,0.429345,NaN,NaN,NaN,0.56,0.07,0.37,0.56,0.07
338,1,0,0,200,312,1,588,5,1,100,2000,0.7107,0.02054764,0,0,NaN,NaN,NaN,1,0,0,1,0
339,1,0,0,200,317,1,592,5,1,100,2000,0.7126,0.02082675,0,0,NaN,NaN,NaN,1,0,0,1,0
340,1,0,0,200,301,1,588,5,1,100,2000,0.7098,0.02067891,0,0,NaN,NaN,NaN,1,0,0,1,0
341,0.99,0,0.01,200,302,1,585,5,1,100,2000,0.7027,0.02178124,0.0199,0.019701,NaN,NaN,NaN,0.99,0,0.01,0.99,0
342,0.39,0.39,0.22,200,277,1,537,5,1,100,2000,0.6972,0.02132259,0.6958,0.542724,NaN,NaN,NaN,0.39,0.39,0.22,0.39,0.39
343,0.03,0.97,0,200,310,1,602,5,0.6,100,2000,0.7067,0.02032444,0.0582,0.0582,NaN,NaN,NaN,0.03,0.97,0,0.03,0.97
344,0.08,0.62,0.3,200,246,1,503,5,0.8,100,2000,0.6879,0.02063916,0.6092,0.42644,NaN,NaN,NaN,0.08,0.62,0.3,0.08,0.62
345,0.75,0.04,0.21,200,253,1,516,5,1,100,2000,0.6983,0.02259676,0.4359,0.344361,NaN,NaN,NaN,0.75,0.04,0.21,0.75,0.04
346,0.94,0,0.06,200,298,1,570,5,1,100,2000,0.6987,0.02080004,0.1164,0.109416,NaN,NaN,NaN,0.94,0,0.06,0.94,0
347,0.07,0.54,0.39,200,188,1,441,5,0.8,100,2000,0.6893,0.01971736,0.7035,0.429135,NaN,NaN,NaN,0.07,0.54,0.39,0.07,0.54
348,0.69,0.27,0.04,200,301,1,576,5,0.6,100,2000,0.7013,0.02021856,0.451,0.43296,NaN,NaN,NaN,0.69,0.27,0.04,0.69,0.27
349,0.99,0,0.01,200,310,1,586,5,1,100,2000,0.7002,0.02045699,0.0199,0.019701,NaN,NaN,NaN,0.99,0,0.01,0.99,0
350,0.75,0.05,0.2,200,250,1,518,5,0.8,100,2000,0.7031,0.020037,0.435,0.348,NaN,NaN,NaN,0.75,0.05,0.2,0.75,0.05
351,1,0,0,200,299,1,588,5,1,100,2000,0.7059,0.02017036,0,0,NaN,NaN,NaN,1,0,0,1,0
352,1,0,0,200,303,1,588,5,1,100,2000,0.7056,0.02014475,0,0,NaN,NaN,NaN,1,0,0,1,0
353,0.04,0.96,0,200,320,1,605,5,0.8,100,2000,0.7056,0.02014475,0.0768,0.0768,NaN,NaN,NaN,0.04,0.96,0,0.04,0.96
354,0.07,0.87,0.06,200,295,1,569,5,0.8,100,2000,0.7037,0.01983904,0.2382,0.223908,NaN,NaN,NaN,0.07,0.87,0.06,0.07,0.87
355,0.87,0.02,0.11,200,274,1,554,5,1,100,2000,0.7025,0.01970624,0.2427,0.216003,NaN,NaN,NaN,0.87,0.02,0.11,0.87,0.02
356,1,0,0,200,315,1,594,5,1,100,2000,0.7039,0.01959756,0,0,NaN,NaN,NaN,1,0,0,1,0
357,0.91,0,0.09,200,300,1,569,5,1,100,2000,0.6977,0.02020624,0.1719,0.156429,NaN,NaN,NaN,0.91,0,0.09,0.91,0
358,0.88,0,0.12,200,274,1,549,5,1,100,2000,0.6927,0.01998124,0.2256,0.198528,NaN,NaN,NaN,0.88,0,0.12,0.88,0
359,0.07,0.77,0.16,200,270,1,541,5,0.6,100,2000,0.6984,0.02070411,0.4022,0.337848,NaN,NaN,NaN,0.07,0.77,0.16,0.07,0.77
360,1,0,0,200,309,1,588,5,1,100,2000,0.6916,0.02048675,0,0,NaN,NaN,NaN,1,0,0,1,0
361,1,0,0,200,325,1,588,5,1,100,2000,0.6842,0.02157219,0,0,NaN,NaN,NaN,1,0,0,1,0
362,0.98,0,0.02,200,322,1,590,5,1,100,2000,0.6801,0.020768,0.0396000000000001,0.0388080000000001,NaN,NaN,NaN,0.98,0,0.02,0.98,0
363,0.9,0.04,0.06,200,313,1,575,5,1,100,2000,0.677,0.02099139,0.1884,0.177096,NaN,NaN,NaN,0.9,0.04,0.06,0.9,0.04
364,0.85,0.01,0.14,200,281,1,544,5,1,100,2000,0.6793,0.02082936,0.2774,0.238564,NaN,NaN,NaN,0.85,0.01,0.14,0.85,0.01
365,0.16,0,0.84,200,57,1,258,5,1,100,2000,0.6766,0.02037075,0.9744,0.155904,NaN,NaN,NaN,0.16,0,0.84,0.16,0
366,0.25,0.28,0.47,200,189,1,417,5,1,100,2000,0.6869,0.02018376,0.8591,0.455323,NaN,NaN,NaN,0.25,0.28,0.47,0.25,0.28
367,0.5,0.37,0.13,200,310,1,571,5,1,100,2000,0.7008,0.02232851,0.6131,0.533397,NaN,NaN,NaN,0.5,0.37,0.13,0.5,0.37
368,1,0,0,200,304,1,588,5,1,100,2000,0.7088,0.02266931,0,0,NaN,NaN,NaN,1,0,0,1,0
369,0.6,0.26,0.14,200,279,1,548,5,1,100,2000,0.7059,0.02327636,0.5724,0.492264,NaN,NaN,NaN,0.6,0.26,0.14,0.6,0.26
370,0.99,0,0.01,200,307,1,606,5,1,100,2000,0.7109,0.02216736,0.0199,0.019701,NaN,NaN,NaN,0.99,0,0.01,0.99,0
371,0.04,0.89,0.07,200,285,1,561,5,0.6,100,2000,0.7123,0.02192916,0.2063,0.191859,NaN,NaN,NaN,0.04,0.89,0.07,0.04,0.89
372,0.04,0.91,0.05,200,291,1,583,5,0.6,100,2000,0.708,0.02317659,0.1703,0.161785,NaN,NaN,NaN,0.04,0.91,0.05,0.04,0.91
373,0.9,0,0.1,200,294,1,560,5,1,100,2000,0.7014,0.02234931,0.19,0.171,NaN,NaN,NaN,0.9,0,0.1,0.9,0
374,0.07,0.66,0.27,200,241,1,504,5,1,100,2000,0.7016,0.02205675,0.5595,0.408435,NaN,NaN,NaN,0.07,0.66,0.27,0.07,0.66
375,0.38,0.44,0.18,200,251,1,519,5,0.8,100,2000,0.7105,0.02267184,0.662,0.54284,NaN,NaN,NaN,0.38,0.44,0.18,0.38,0.44
376,1,0,0,200,312,1,588,5,1,100,2000,0.7149,0.02248896,0,0,NaN,NaN,NaN,1,0,0,1,0
377,0.99,0,0.01,200,302,1,586,5,1,100,2000,0.7122,0.02164059,0.0199,0.019701,NaN,NaN,NaN,0.99,0,0.01,0.99,0
378,0.83,0.04,0.13,200,267,1,545,5,1,100,2000,0.7122,0.02177859,0.3095,0.269265,NaN,NaN,NaN,0.83,0.04,0.13,0.83,0.04
379,0.84,0.04,0.12,200,275,1,547,5,1,100,2000,0.7133,0.02177576,0.2928,0.257664,NaN,NaN,NaN,0.84,0.04,0.12,0.84,0.04
380,0.98,0,0.02,200,311,1,584,5,1,100,2000,0.7088,0.02172931,0.0396000000000001,0.0388080000000001,NaN,NaN,NaN,0.98,0,0.02,0.98,0
381,0.49,0.42,0.09,200,297,1,568,5,1,100,2000,0.7095,0.02176764,0.5835,0.530985,NaN,NaN,NaN,0.49,0.42,0.09,0.49,0.42
382,1,0,0,200,307,1,591,5,1,100,2000,0.7061,0.021212,0,0,NaN,NaN,NaN,1,0,0,1,0
383,0.76,0.07,0.17,200,256,1,523,5,1,100,2000,0.7074,0.02168571,0.4175,0.346525,NaN,NaN,NaN,0.76,0.07,0.17,0.76,0.07
384,0.9,0.02,0.08,200,287,1,564,5,1,100,2000,0.7078,0.02082371,0.1896,0.174432,NaN,NaN,NaN,0.9,0.02,0.08,0.9,0.02
385,1,0,0,200,301,1,588,5,1,100,2000,0.7051,0.020071,0,0,NaN,NaN,NaN,1,0,0,1,0
386,0.39,0.48,0.13,200,294,1,555,5,0.8,100,2000,0.6917,0.02050744,0.6175,0.537225,NaN,NaN,NaN,0.39,0.48,0.13,0.39,0.48
387,0.12,0.43,0.45,200,201,1,442,5,1,100,2000,0.6847,0.02010884,0.8007,0.440385,NaN,NaN,NaN,0.12,0.43,0.45,0.12,0.43
388,1,0,0,200,301,1,588,5,1,100,2000,0.6986,0.02027075,0,0,NaN,NaN,NaN,1,0,0,1,0
389,1,0,0,200,301,1,588,5,1,100,2000,0.6997,0.02025184,0,0,NaN,NaN,NaN,1,0,0,1,0
390,1,0,0,200,307,1,588,5,1,100,2000,0.6973,0.01990216,0,0,NaN,NaN,NaN,1,0,0,1,0
391,0.62,0.22,0.16,200,265,1,522,5,0.8,100,2000,0.692,0.01919539,0.5672,0.476448,NaN,NaN,NaN,0.62,0.22,0.16,0.62,0.22
392,0.8,0.03,0.17,200,260,1,534,5,1,100,2000,0.6949,0.01947096,0.3591,0.298053,NaN,NaN,NaN,0.8,0.03,0.17,0.8,0.03
393,1,0,0,200,306,1,596,5,1,100,2000,0.7063,0.02030556,0,0,NaN,NaN,NaN,1,0,0,1,0
394,0.99,0,0.01,200,312,1,592,5,1,100,2000,0.7034,0.02068411,0.0199,0.019701,NaN,NaN,NaN,0.99,0,0.01,0.99,0
395,0.99,0,0.01,200,299,1,586,5,1,100,2000,0.7019,0.01983876,0.0199,0.019701,NaN,NaN,NaN,0.99,0,0.01,0.99,0
396,1,0,0,200,302,1,588,5,1,100,2000,0.7022,0.02042459,0,0,NaN,NaN,NaN,1,0,0,1,0
397,1,0,0,200,326,1,604,5,1,100,2000,0.7,0.02021099,0,0,NaN,NaN,NaN,1,0,0,1,0
398,1,0,0,200,291,1,588,5,1,100,2000,0.6988,0.01999331,0,0,NaN,NaN,NaN,1,0,0,1,0
399,0.94,0.03,0.03,200,317,1,587,5,0.8,100,2000,0.6911,0.019809,0.1155,0.112035,NaN,NaN,NaN,0.94,0.03,0.03,0.94,0.03
400,0.09,0.11,0.8,200,88,1,291,5,1,100,2000,0.6613,0.01834656,0.9798,0.19596,NaN,NaN,NaN,0.09,0.11,0.8,0.09,0.11
401,0.18,0.66,0.16,200,279,1,548,5,0.8,100,2000,0.6799,0.02059796,0.532,0.44688,NaN,NaN,NaN,0.18,0.66,0.16,0.18,0.66
402,0.81,0.03,0.16,200,282,1,546,5,1,100,2000,0.6919,0.02319076,0.343,0.28812,NaN,NaN,NaN,0.81,0.03,0.16,0.81,0.03
403,0.95,0,0.05,200,311,1,588,5,1,100,2000,0.6947,0.02186884,0.0975,0.092625,NaN,NaN,NaN,0.95,0,0.05,0.95,0
404,0.98,0,0.02,200,296,1,582,5,1,100,2000,0.6923,0.02192316,0.0396000000000001,0.0388080000000001,NaN,NaN,NaN,0.98,0,0.02,0.98,0
405,0.61,0.25,0.14,200,273,1,536,5,0.8,100,2000,0.6937,0.02135504,0.5654,0.486244,NaN,NaN,NaN,0.61,0.25,0.14,0.61,0.25
406,0.71,0.25,0.04,200,300,1,575,5,0.8,100,2000,0.6959,0.02143836,0.4334,0.416064,NaN,NaN,NaN,0.71,0.25,0.04,0.71,0.25
407,0.67,0.24,0.09,200,301,1,575,5,1,100,2000,0.6957,0.02039864,0.4935,0.449085,NaN,NaN,NaN,0.67,0.24,0.09,0.67,0.24
408,0.04,0.8,0.16,200,267,1,542,5,0.8,100,2000,0.6942,0.02067819,0.3584,0.301056,NaN,NaN,NaN,0.04,0.8,0.16,0.04,0.8
409,0.88,0.04,0.08,200,314,1,580,5,1,100,2000,0.7015,0.02011604,0.224,0.20608,NaN,NaN,NaN,0.88,0.04,0.08,0.88,0.04
410,0.62,0.25,0.13,200,282,1,551,5,1,100,2000,0.7044,0.02098051,0.5531,0.481197,NaN,NaN,NaN,0.62,0.25,0.13,0.62,0.25
411,0.91,0.04,0.05,200,302,1,579,5,1,100,2000,0.7085,0.02145344,0.1703,0.161785,NaN,NaN,NaN,0.91,0.04,0.05,0.91,0.04
412,1,0,0,200,301,1,591,5,1,100,2000,0.7105,0.02198184,0,0,NaN,NaN,NaN,1,0,0,1,0
413,1,0,0,200,305,1,591,5,1,100,2000,0.7091,0.022171,0,0,NaN,NaN,NaN,1,0,0,1,0
414,0.05,0.43,0.52,200,209,1,452,5,0.8,100,2000,0.6767,0.02017444,0.8126,0.390048,NaN,NaN,NaN,0.05,0.43,0.52,0.05,0.43
415,0.22,0.48,0.3,200,243,1,481,5,1,100,2000,0.695,0.02129299,0.7212,0.50484,NaN,NaN,NaN,0.22,0.48,0.3,0.22,0.48
416,0.08,0.81,0.11,200,283,1,557,5,1,100,2000,0.705,0.02051499,0.3375,0.300375,NaN,NaN,NaN,0.08,0.81,0.11,0.08,0.81
417,1,0,0,200,308,1,588,5,1,100,2000,0.7117,0.02115144,0,0,NaN,NaN,NaN,1,0,0,1,0
418,0.64,0.24,0.12,200,280,1,553,5,1,100,2000,0.7062,0.02034779,0.5328,0.468864,NaN,NaN,NaN,0.64,0.24,0.12,0.64,0.24
419,1,0,0,200,299,1,588,5,1,100,2000,0.7096,0.02037075,0,0,NaN,NaN,NaN,1,0,0,1,0
420,0.74,0.24,0.02,200,322,1,594,5,1,100,2000,0.7078,0.02092171,0.3948,0.386904,NaN,NaN,NaN,0.74,0.24,0.02,0.74,0.24
421,1,0,0,200,298,1,588,5,1,100,2000,0.709200000000001,0.02031019,0,0,NaN,NaN,NaN,1,0,0,1,0
422,1,0,0,200,304,1,596,5,1,100,2000,0.7075,0.02039524,0,0,NaN,NaN,NaN,1,0,0,1,0
423,0.64,0.06,0.3,200,226,1,474,5,0.8,100,2000,0.7036,0.02030675,0.5868,0.41076,NaN,NaN,NaN,0.64,0.06,0.3,0.64,0.06
424,1,0,0,200,299,1,588,5,1,100,2000,0.7076,0.02087475,0,0,NaN,NaN,NaN,1,0,0,1,0
425,0.83,0.1,0.07,200,284,1,566,5,1,100,2000,0.7074,0.02108171,0.3011,0.280023,NaN,NaN,NaN,0.83,0.1,0.07,0.83,0.1
426,0.74,0.25,0.01,200,310,1,588,5,1,100,2000,0.7102,0.02124499,0.3899,0.386001,NaN,NaN,NaN,0.74,0.25,0.01,0.74,0.25
427,0.06,0.34,0.6,200,164,1,385,5,0.6,100,2000,0.6838,0.02024931,0.8808,0.35232,NaN,NaN,NaN,0.06,0.34,0.6,0.06,0.34
428,0.99,0,0.01,200,296,1,586,5,1,100,2000,0.705,0.02161099,0.0199,0.019701,NaN,NaN,NaN,0.99,0,0.01,0.99,0
429,0.98,0,0.02,200,287,1,587,5,1,100,2000,0.7078,0.02076571,0.0396000000000001,0.0388080000000001,NaN,NaN,NaN,0.98,0,0.02,0.98,0
430,1,0,0,200,317,1,610,5,1,100,2000,0.707,0.02079539,0,0,NaN,NaN,NaN,1,0,0,1,0
431,1,0,0,200,298,1,588,5,1,100,2000,0.7036,0.02025275,0,0,NaN,NaN,NaN,1,0,0,1,0
432,1,0,0,200,312,1,602,5,1,100,2000,0.7019,0.02023076,0,0,NaN,NaN,NaN,1,0,0,1,0
433,0.59,0.25,0.16,200,265,1,535,5,1,100,2000,0.6981,0.020332,0.5894,0.495096,NaN,NaN,NaN,0.59,0.25,0.16,0.59,0.25
434,0.26,0.5,0.24,200,229,1,496,5,0.8,100,2000,0.7002,0.02025499,0.6824,0.518624,NaN,NaN,NaN,0.26,0.5,0.24,0.26,0.5
435,0.08,0.82,0.1,200,279,1,563,5,1,100,2000,0.7093,0.02029536,0.3212,0.28908,NaN,NaN,NaN,0.08,0.82,0.1,0.08,0.82
436,0.04,0.96,0,200,300,1,603,5,0.8,100,2000,0.7151,0.020397,0.0768,0.0768,NaN,NaN,NaN,0.04,0.96,0,0.04,0.96
437,0.53,0.4,0.07,200,303,1,568,5,0.8,100,2000,0.7118,0.02021011,0.5591,0.519963,NaN,NaN,NaN,0.53,0.4,0.07,0.53,0.4
438,0.84,0.08,0.08,200,281,1,563,5,1,100,2000,0.7152,0.02072299,0.288,0.26496,NaN,NaN,NaN,0.84,0.08,0.08,0.84,0.08
439,1,0,0,200,304,1,593,5,1,100,2000,0.7182,0.02043139,0,0,NaN,NaN,NaN,1,0,0,1,0
440,0.05,0.94,0.01,200,320,1,605,5,1,100,2000,0.7069,0.02124176,0.1139,0.112761,NaN,NaN,NaN,0.05,0.94,0.01,0.05,0.94
441,0.32,0,0.68,200,101,1,313,5,1,100,2000,0.6953,0.02055496,0.8976,0.287232,NaN,NaN,NaN,0.32,0,0.68,0.32,0
442,0.09,0,0.91,200,41,1,242,5,1,100,2000,0.7017,0.02010744,0.9919,0.089271,NaN,NaN,NaN,0.09,0,0.91,0.09,0
443,0.95,0,0.05,200,293,1,573,5,1,100,2000,0.7081,0.019054,0.0975,0.092625,NaN,NaN,NaN,0.95,0,0.05,0.95,0
444,0.06,0.86,0.08,200,280,1,571,5,1,100,2000,0.7107,0.01975564,0.2568,0.236256,NaN,NaN,NaN,0.06,0.86,0.08,0.06,0.86
445,0.76,0.04,0.2,200,243,1,521,5,1,100,2000,0.7134,0.01973411,0.4208,0.33664,NaN,NaN,NaN,0.76,0.04,0.2,0.76,0.04
446,0.05,0.95,0,200,307,1,618,5,1,100,2000,0.7125,0.01982224,0.0950000000000001,0.0950000000000001,NaN,NaN,NaN,0.05,0.95,0,0.05,0.95
447,0.05,0.94,0.01,200,287,1,604,5,1,100,2000,0.7093,0.01991736,0.1139,0.112761,NaN,NaN,NaN,0.05,0.94,0.01,0.05,0.94
448,1,0,0,200,303,1,588,5,1,100,2000,0.7081,0.019746,0,0,NaN,NaN,NaN,1,0,0,1,0
449,1,0,0,200,318,1,588,5,1,100,2000,0.7099,0.02003796,0,0,NaN,NaN,NaN,1,0,0,1,0
450,0.97,0,0.03,200,285,1,581,5,1,100,2000,0.7084,0.01981011,0.0591,0.057327,NaN,NaN,NaN,0.97,0,0.03,0.97,0
451,0.11,0.71,0.18,200,274,1,553,5,1,100,2000,0.703,0.01913259,0.4838,0.396716,NaN,NaN,NaN,0.11,0.71,0.18,0.11,0.71
452,0.99,0,0.01,200,316,1,591,5,1,100,2000,0.7053,0.02001896,0.0199,0.019701,NaN,NaN,NaN,0.99,0,0.01,0.99,0
453,0.73,0.26,0.01,200,314,1,585,5,0.8,100,2000,0.7079,0.01961316,0.3995,0.395505,NaN,NaN,NaN,0.73,0.26,0.01,0.73,0.26
454,0.07,0.26,0.67,200,111,1,325,5,1,100,2000,0.6961,0.019314,0.9275,0.306075,NaN,NaN,NaN,0.07,0.26,0.67,0.07,0.26
455,1,0,0,200,296,1,588,5,1,100,2000,0.7103,0.01994596,0,0,NaN,NaN,NaN,1,0,0,1,0
456,0.99,0,0.01,200,313,1,589,5,1,100,2000,0.7076,0.02026275,0.0199,0.019701,NaN,NaN,NaN,0.99,0,0.01,0.99,0
457,0.91,0,0.09,200,282,1,563,5,1,100,2000,0.6994,0.01969051,0.1719,0.156429,NaN,NaN,NaN,0.91,0,0.09,0.91,0
458,1,0,0,200,310,1,588,5,1,100,2000,0.7009,0.02028136,0,0,NaN,NaN,NaN,1,0,0,1,0
459,1,0,0,200,310,1,588,5,1,100,2000,0.6987,0.02091204,0,0,NaN,NaN,NaN,1,0,0,1,0
460,1,0,0,200,307,1,588,5,1,100,2000,0.6941,0.020084,0,0,NaN,NaN,NaN,1,0,0,1,0
461,0.76,0.02,0.22,200,251,1,513,5,1,100,2000,0.6928,0.02015371,0.422,0.32916,NaN,NaN,NaN,0.76,0.02,0.22,0.76,0.02
462,0.17,0.69,0.14,200,274,1,556,5,1,100,2000,0.6932,0.01953939,0.495,0.4257,NaN,NaN,NaN,0.17,0.69,0.14,0.17,0.69
463,0.06,0.83,0.11,200,263,1,552,5,0.6,100,2000,0.7042,0.01880019,0.3075,0.273675,NaN,NaN,NaN,0.06,0.83,0.11,0.06,0.83
464,1,0,0,200,298,1,594,5,1,100,2000,0.704,0.01822179,0,0,NaN,NaN,NaN,1,0,0,1,0
465,0.04,0.86,0.1,200,275,1,561,5,0.6,100,2000,0.697,0.01801939,0.2588,0.23292,NaN,NaN,NaN,0.04,0.86,0.1,0.04,0.86
466,0.51,0.48,0.01,200,323,1,596,5,1,100,2000,0.695,0.01851499,0.5095,0.504405,NaN,NaN,NaN,0.51,0.48,0.01,0.51,0.48
467,0.83,0,0.17,200,276,1,537,5,1,100,2000,0.6814,0.01852531,0.3111,0.258213,NaN,NaN,NaN,0.83,0,0.17,0.83,0
468,0.92,0,0.08,200,305,1,569,5,1,100,2000,0.6796,0.01889275,0.1536,0.141312,NaN,NaN,NaN,0.92,0,0.08,0.92,0
469,0.54,0.25,0.21,200,265,1,522,5,0.8,100,2000,0.6839,0.01886356,0.6459,0.510261,NaN,NaN,NaN,0.54,0.25,0.21,0.54,0.25
470,0.58,0.24,0.18,200,273,1,534,5,1,100,2000,0.6791,0.018397,0.606,0.49692,NaN,NaN,NaN,0.58,0.24,0.18,0.58,0.24
471,0.77,0.21,0.02,200,332,1,589,5,1,100,2000,0.6873,0.02049216,0.363,0.35574,NaN,NaN,NaN,0.77,0.21,0.02,0.77,0.21
472,0.56,0.24,0.2,200,266,1,525,5,1,100,2000,0.6892,0.02121019,0.6288,0.50304,NaN,NaN,NaN,0.56,0.24,0.2,0.56,0.24
473,1,0,0,200,327,1,588,5,1,100,2000,0.7044,0.01976251,0,0,NaN,NaN,NaN,1,0,0,1,0
474,1,0,0,200,320,1,588,5,1,100,2000,0.7037,0.01984104,0,0,NaN,NaN,NaN,1,0,0,1,0
475,0.76,0.24,0,200,319,1,591,5,1,100,2000,0.7029,0.01971816,0.3648,0.3648,NaN,NaN,NaN,0.76,0.24,0,0.76,0.24
476,0.06,0.71,0.23,200,249,1,523,5,1,100,2000,0.7008,0.01936851,0.4923,0.379071,NaN,NaN,NaN,0.06,0.71,0.23,0.06,0.71
477,0.71,0.13,0.16,200,291,1,542,5,1,100,2000,0.7036,0.01935675,0.479,0.40236,NaN,NaN,NaN,0.71,0.13,0.16,0.71,0.13
478,0.05,0.95,0,200,292,1,598,5,1,100,2000,0.7113,0.01942056,0.0950000000000001,0.0950000000000001,NaN,NaN,NaN,0.05,0.95,0,0.05,0.95
479,0.05,0.94,0.01,200,308,1,608,5,1,100,2000,0.7115,0.01975004,0.1139,0.112761,NaN,NaN,NaN,0.05,0.94,0.01,0.05,0.94
480,1,0,0,200,305,1,588,5,1,100,2000,0.6959,0.02085836,0,0,NaN,NaN,NaN,1,0,0,1,0
481,1,0,0,200,320,1,588,5,1,100,2000,0.6917,0.02092544,0,0,NaN,NaN,NaN,1,0,0,1,0
482,0.99,0,0.01,200,323,1,589,5,1,100,2000,0.6851,0.021799,0.0199,0.019701,NaN,NaN,NaN,0.99,0,0.01,0.99,0
483,0.97,0,0.03,200,310,1,581,5,1,100,2000,0.6778,0.02142571,0.0591,0.057327,NaN,NaN,NaN,0.97,0,0.03,0.97,0
484,0.38,0,0.62,200,132,1,353,5,1,100,2000,0.675,0.02032499,0.8556,0.325128,NaN,NaN,NaN,0.38,0,0.62,0.38,0
485,1,0,0,200,324,1,593,5,1,100,2000,0.6964,0.02068531,0,0,NaN,NaN,NaN,1,0,0,1,0
486,1,0,0,200,314,1,588,5,1,100,2000,0.7024,0.02145771,0,0,NaN,NaN,NaN,1,0,0,1,0
487,0.24,0.61,0.15,200,268,1,529,5,0.8,100,2000,0.7026,0.02144475,0.5703,0.484755,NaN,NaN,NaN,0.24,0.61,0.15,0.24,0.61
488,0.99,0,0.01,200,301,1,590,5,1,100,2000,0.7015,0.02129404,0.0199,0.019701,NaN,NaN,NaN,0.99,0,0.01,0.99,0
489,0.1,0.65,0.25,200,244,1,508,5,1,100,2000,0.7029,0.02168216,0.5675,0.425625,NaN,NaN,NaN,0.1,0.65,0.25,0.1,0.65
490,1,0,0,200,294,1,588,5,1,100,2000,0.7076,0.02228475,0,0,NaN,NaN,NaN,1,0,0,1,0
491,0.05,0.95,0,200,327,1,614,5,1,100,2000,0.707,0.02162139,0.0950000000000001,0.0950000000000001,NaN,NaN,NaN,0.05,0.95,0,0.05,0.95
492,1,0,0,200,305,1,588,5,1,100,2000,0.7043,0.02124236,0,0,NaN,NaN,NaN,1,0,0,1,0
493,0.52,0.42,0.06,200,311,1,577,5,1,100,2000,0.7005,0.02065784,0.5532,0.520008,NaN,NaN,NaN,0.52,0.42,0.06,0.52,0.42
494,0.09,0.1,0.81,200,67,1,270,5,0.6,100,2000,0.6812,0.02022379,0.9819,0.186561,NaN,NaN,NaN,0.09,0.1,0.81,0.09,0.1
495,0.5,0.42,0.08,200,307,1,569,5,0.8,100,2000,0.6977,0.02045824,0.5736,0.527712,NaN,NaN,NaN,0.5,0.42,0.08,0.5,0.42
496,0.52,0.29,0.19,200,265,1,530,5,1,100,2000,0.7014,0.02127931,0.6455,0.522855,NaN,NaN,NaN,0.52,0.29,0.19,0.52,0.29
497,0.05,0.79,0.16,200,266,1,543,5,0.6,100,2000,0.7034,0.02097011,0.3734,0.313656,NaN,NaN,NaN,0.05,0.79,0.16,0.05,0.79
498,0.73,0.13,0.14,200,273,1,540,5,1,100,2000,0.7047,0.02056684,0.4502,0.387172,NaN,NaN,NaN,0.73,0.13,0.14,0.73,0.13
499,0.18,0.3,0.52,200,155,1,381,5,1,100,2000,0.7095,0.02051564,0.8776,0.421248,NaN,NaN,NaN,0.18,0.3,0.52,0.18,0.3
